t= 0 , t= 5 , t= 10 , t= 15 , t= 20 , t= 25 , t= 30 , t= 35 , t= 40 , t= 45 , t= 50 , t= 55 , t= 60 , t= 65 , t= 70 , t= 75 , t= 80 , t= 85 , t= 90 , t= 95 , t= 100 , t= 105 , t= 110 , t= 115 , t= 120 , t= 125 , t= 130 , t= 135 , t= 140 , t= 145 , t= 150 , t= 155 , t= 160 , t= 165 , t= 170 , t= 175 , t= 180 , t= 185 , t= 190 , t= 195 , t= 200 , t= 205 , t= 210 , t= 215 , t= 220 , t= 225 , t= 230 , t= 235 , t= 240 , t= 245 , t= 250 , t= 255 , t= 260 , t= 265 , t= 270 , t= 275 , t= 280 , t= 285 , t= 290 , t= 295 , t= 300 , t= 305 , t= 310 , t= 315 , t= 320 , t= 325 , t= 330 , t= 335 , t= 340 , t= 345 , t= 350 , t= 355 , t= 360 , t= 365 , t= 370 , t= 375 , t= 380 , t= 385 , t= 390 , t= 395 , t= 400 , t= 405 , t= 410 , t= 415 , t= 420 , t= 425 , t= 430 , t= 435 , t= 440 , t= 445 , t= 450 , t= 455 , t= 460 , t= 465 , t= 470 , t= 475 , t= 480 , t= 485 , t= 490 , t= 495 , t= 500 , t= 505 , t= 510 , t= 515 , t= 520 , t= 525 , t= 530 , t= 535 , t= 540 , t= 545 , t= 550 , t= 555 , t= 560 , t= 565 , t= 570 , t= 575 , t= 580 , t= 585 , t= 590 , t= 595 , t= 600 , t= 605 , t= 610 , t= 615 , t= 620 , t= 625 , t= 630 , t= 635 , t= 640 , t= 645 , t= 650 , t= 655 , t= 660 , t= 665 , t= 670 , t= 675 , t= 680 , t= 685 , t= 690 , t= 695 , t= 700 , t= 705 , t= 710 , t= 715 , t= 720 , t= 725 , 
25.5 , 25.4755 , 25.4747 , 25.474 , 25.4739 , 25.4752 , 25.4785 , 25.4837 , 25.49 , 25.497 , 25.5046 , 25.5134 , 25.5263 , 25.5431 , 25.5628 , 25.5845 , 25.6087 , 25.6609 , 25.7407 , 25.8242 , 25.9433 , 26.1029 , 26.323 , 26.5886 , 26.8838 , 27.0447 , 27.415 , 27.9112 , 28.4714 , 29.1088 , 29.8745 , 30.9529 , 31.9337 , 33.1304 , 34.4967 , 35.7077 , 36.8056 , 38.1193 , 39.4894 , 40.8711 , 42.5468 , 46.6161 , 46.8044 , 48.2307 , 51.053 , 51.9154 , 53.4985 , 56.8011 , 58.4212 , 62.5438 , 66.8666 , 66.6183 , 66.5208 , 66.5191 , 66.4643 , 66.4115 , 71.6685 , 70.3514 , 75.7727 , 74.5605 , 77.7689 , 79.9502 , 83.1074 , 86.1606 , 90.1436 , 93.7386 , 97.3032 , 100.718 , 103.69 , 105.965 , 109.611 , 112.958 , 116.413 , 120.059 , 123.941 , 127.35 , 130.448 , 133.565 , 136.744 , 140.031 , 143.364 , 146.597 , 149.728 , 153.036 , 156.381 , 159.656 , 162.393 , 165.111 , 168.108 , 171.177 , 174.269 , 177.29 , 180.499 , 183.521 , 185.817 , 188.262 , 190.48 , 193.008 , 195.739 , 198.299 , 200.78 , 203.641 , 206.345 , 209.167 , 211.917 , 214.483 , 216.96 , 219.332 , 222.008 , 224.118 , 226.533 , 228.015 , 228.875 , 229.757 , 230.241 , 230.456 , 230.914 , 231.94 , 232.461 , 232.423 , 231.631 , 231.02 , 230.159 , 229.26 , 228.181 , 226.964 , 225.747 , 224.264 , 222.86 , 221.365 , 219.868 , 218.353 , 216.749 , 215.11 , 213.501 , 211.925 , 210.355 , 208.811 , 207.294 , 205.797 , 204.325 , 202.876 , 201.451 , 200.103 , 198.66 , 198.66 , 
25.5 , 25.4756 , 25.4748 , 25.4741 , 25.4739 , 25.475 , 25.478 , 25.483 , 25.4892 , 25.496 , 25.5035 , 25.5122 , 25.5244 , 25.5407 , 25.56 , 25.5816 , 25.6054 , 25.6519 , 25.7291 , 25.8126 , 25.9259 , 26.0794 , 26.2903 , 26.5517 , 26.8431 , 27.0355 , 27.3435 , 27.846 , 28.3934 , 29.0202 , 29.7655 , 30.7908 , 31.8196 , 32.951 , 34.3119 , 35.5618 , 36.6617 , 37.9321 , 39.3107 , 40.6887 , 42.307 , 46.0628 , 46.6543 , 47.9286 , 50.0521 , 51.7262 , 53.3169 , 55.7275 , 57.863 , 61.7222 , 66.3248 , 66.4154 , 66.5101 , 66.5286 , 66.4738 , 66.4168 , 70.6657 , 70.0229 , 74.7268 , 74.2587 , 76.9289 , 79.5557 , 82.5424 , 85.8241 , 89.4776 , 93.426 , 96.8777 , 100.296 , 103.332 , 105.708 , 109.13 , 112.526 , 115.929 , 119.6 , 123.456 , 126.941 , 130.086 , 133.191 , 136.356 , 139.628 , 142.958 , 146.209 , 149.356 , 152.637 , 155.924 , 159.259 , 162.085 , 164.799 , 167.748 , 170.809 , 173.903 , 176.937 , 180.121 , 183.171 , 185.572 , 187.986 , 190.195 , 192.703 , 195.415 , 198.007 , 200.5 , 203.305 , 206.035 , 208.844 , 211.606 , 214.199 , 216.686 , 219.07 , 221.672 , 223.885 , 226.262 , 227.873 , 228.809 , 229.668 , 230.199 , 230.444 , 230.861 , 231.807 , 232.409 , 232.449 , 231.744 , 231.091 , 230.26 , 229.364 , 228.307 , 227.106 , 225.886 , 224.438 , 223.019 , 221.535 , 220.038 , 218.524 , 216.932 , 215.297 , 213.683 , 212.102 , 210.533 , 208.986 , 207.466 , 205.967 , 204.492 , 203.04 , 201.614 , 200.255 , 198.828 , 198.828 , 
25.5 , 25.4757 , 25.4749 , 25.4742 , 25.4739 , 25.4747 , 25.4775 , 25.4822 , 25.4883 , 25.4951 , 25.5025 , 25.511 , 25.5225 , 25.5384 , 25.5572 , 25.5787 , 25.6021 , 25.6435 , 25.7179 , 25.8011 , 25.9091 , 26.0568 , 26.2588 , 26.5155 , 26.8031 , 27.0225 , 27.2788 , 27.7814 , 28.3165 , 28.933 , 29.6591 , 30.6351 , 31.7014 , 32.7774 , 34.1293 , 35.4117 , 36.5183 , 37.7494 , 39.1321 , 40.5064 , 42.0731 , 45.4932 , 46.4465 , 47.6598 , 49.9025 , 51.535 , 53.122 , 55.3828 , 57.5451 , 61.1701 , 65.6817 , 66.2184 , 66.5155 , 66.5382 , 66.4825 , 66.4225 , 69.1112 , 69.794 , 73.6653 , 74.0788 , 76.1667 , 79.1619 , 82.1716 , 85.3966 , 88.9967 , 92.9142 , 96.455 , 99.8749 , 102.97 , 105.443 , 108.659 , 112.096 , 115.485 , 119.145 , 122.973 , 126.528 , 129.719 , 132.815 , 135.968 , 139.226 , 142.552 , 145.82 , 148.983 , 152.239 , 155.494 , 158.863 , 161.77 , 164.486 , 167.39 , 170.441 , 173.537 , 176.584 , 179.743 , 182.819 , 185.318 , 187.71 , 189.913 , 192.402 , 195.094 , 197.712 , 200.219 , 202.973 , 205.724 , 208.522 , 211.294 , 213.912 , 216.41 , 218.806 , 221.334 , 223.647 , 225.994 , 227.721 , 228.734 , 229.579 , 230.152 , 230.429 , 230.809 , 231.681 , 232.352 , 232.468 , 231.844 , 231.164 , 230.359 , 229.467 , 228.431 , 227.247 , 226.024 , 224.608 , 223.178 , 221.704 , 220.207 , 218.695 , 217.114 , 215.484 , 213.865 , 212.28 , 210.71 , 209.161 , 207.638 , 206.137 , 204.659 , 203.205 , 201.776 , 200.408 , 198.994 , 198.994 , 
25.5 , 25.4758 , 25.475 , 25.4743 , 25.4739 , 25.4745 , 25.477 , 25.4815 , 25.4874 , 25.4942 , 25.5015 , 25.5098 , 25.5207 , 25.5362 , 25.5545 , 25.5758 , 25.5989 , 25.6358 , 25.707 , 25.7898 , 25.8929 , 26.0349 , 26.2285 , 26.4798 , 26.7636 , 27.0053 , 27.2214 , 27.7171 , 28.2408 , 28.8472 , 29.5552 , 30.4859 , 31.5782 , 32.6106 , 33.9486 , 35.2569 , 36.3739 , 37.5715 , 38.9533 , 40.3241 , 41.8456 , 44.9063 , 46.2444 , 47.4291 , 49.725 , 51.339 , 52.9126 , 55.0493 , 57.2617 , 60.6411 , 65.0543 , 66.1156 , 66.532 , 66.5457 , 66.4903 , 66.4285 , 67.9628 , 69.7609 , 72.6485 , 74.0659 , 75.5911 , 78.8046 , 81.8037 , 84.974 , 88.5215 , 92.4051 , 96.0311 , 99.4515 , 102.602 , 105.168 , 108.194 , 111.672 , 115.064 , 118.693 , 122.493 , 126.112 , 129.346 , 132.438 , 135.58 , 138.825 , 142.147 , 145.43 , 148.608 , 151.842 , 155.092 , 158.469 , 161.45 , 164.169 , 167.034 , 170.075 , 173.172 , 176.23 , 179.367 , 182.466 , 185.058 , 187.432 , 189.652 , 192.105 , 194.775 , 197.417 , 199.936 , 202.644 , 205.413 , 208.201 , 210.982 , 213.624 , 216.133 , 218.54 , 221.018 , 223.407 , 225.726 , 227.561 , 228.652 , 229.488 , 230.102 , 230.411 , 230.759 , 231.561 , 232.292 , 232.48 , 231.939 , 231.237 , 230.456 , 229.569 , 228.554 , 227.385 , 226.161 , 224.777 , 223.337 , 221.872 , 220.376 , 218.866 , 217.295 , 215.67 , 214.047 , 212.458 , 210.888 , 209.336 , 207.81 , 206.307 , 204.827 , 203.371 , 201.939 , 200.562 , 199.159 , 199.159 , 
25.5 , 25.4759 , 25.4751 , 25.4743 , 25.4739 , 25.4744 , 25.4766 , 25.4808 , 25.4866 , 25.4932 , 25.5005 , 25.5086 , 25.519 , 25.534 , 25.5519 , 25.5729 , 25.5957 , 25.629 , 25.6966 , 25.7787 , 25.8773 , 26.0139 , 26.1994 , 26.4447 , 26.7246 , 26.9838 , 27.1721 , 27.6524 , 28.1666 , 28.7628 , 29.454 , 30.3437 , 31.4491 , 32.4516 , 33.7692 , 35.0971 , 36.2285 , 37.3987 , 38.7736 , 40.142 , 41.6253 , 44.3188 , 46.0932 , 47.2354 , 49.5023 , 51.1315 , 52.7014 , 54.7242 , 56.988 , 60.1288 , 64.4435 , 66.115 , 66.5488 , 66.5494 , 66.4973 , 66.4352 , 67.2931 , 69.8918 , 71.8169 , 74.1668 , 75.2243 , 78.4773 , 81.4345 , 84.5539 , 88.0517 , 91.9011 , 95.6034 , 99.0247 , 102.23 , 104.884 , 107.739 , 111.253 , 114.65 , 118.244 , 122.015 , 125.693 , 128.968 , 132.058 , 135.192 , 138.426 , 141.743 , 145.039 , 148.231 , 151.445 , 154.703 , 158.077 , 161.125 , 163.848 , 166.679 , 169.712 , 172.807 , 175.875 , 178.991 , 182.113 , 184.791 , 187.151 , 189.401 , 191.812 , 194.458 , 197.121 , 199.652 , 202.317 , 205.102 , 207.88 , 210.669 , 213.333 , 215.854 , 218.273 , 220.722 , 223.166 , 225.458 , 227.395 , 228.56 , 229.394 , 230.048 , 230.389 , 230.71 , 231.445 , 232.231 , 232.487 , 232.03 , 231.308 , 230.551 , 229.67 , 228.674 , 227.522 , 226.298 , 224.943 , 223.496 , 222.039 , 220.544 , 219.037 , 217.476 , 215.855 , 214.229 , 212.637 , 211.066 , 209.511 , 207.982 , 206.478 , 204.995 , 203.536 , 202.101 , 200.716 , 199.324 , 199.324 , 
25.5 , 25.4761 , 25.4752 , 25.4744 , 25.4739 , 25.4742 , 25.4762 , 25.4802 , 25.4858 , 25.4923 , 25.4995 , 25.5074 , 25.5174 , 25.5318 , 25.5493 , 25.57 , 25.5925 , 25.6229 , 25.6865 , 25.7676 , 25.8623 , 25.9936 , 26.1716 , 26.4102 , 26.686 , 26.958 , 27.1311 , 27.5871 , 28.0939 , 28.6799 , 29.3556 , 30.2086 , 31.3138 , 32.3011 , 33.5907 , 34.9321 , 36.0823 , 37.2314 , 38.593 , 39.9603 , 41.4125 , 43.7721 , 45.9959 , 47.0712 , 49.2284 , 50.9124 , 52.493 , 54.4106 , 56.7163 , 59.6342 , 63.8493 , 66.1612 , 66.5534 , 66.5492 , 66.5039 , 66.4424 , 66.9313 , 70.0729 , 71.2192 , 74.2918 , 74.9907 , 78.1599 , 81.0613 , 84.137 , 87.5879 , 91.4018 , 95.1703 , 98.5946 , 101.852 , 104.59 , 107.299 , 110.836 , 114.235 , 117.795 , 121.54 , 125.268 , 128.584 , 131.676 , 134.805 , 138.027 , 141.34 , 144.648 , 147.852 , 151.049 , 154.318 , 157.684 , 160.793 , 163.525 , 166.327 , 169.35 , 172.443 , 175.519 , 178.617 , 181.757 , 184.516 , 186.868 , 189.154 , 191.521 , 194.144 , 196.824 , 199.367 , 201.993 , 204.792 , 207.559 , 210.355 , 213.04 , 215.573 , 218.005 , 220.435 , 222.922 , 225.191 , 227.221 , 228.46 , 229.297 , 229.991 , 230.363 , 230.662 , 231.336 , 232.168 , 232.487 , 232.116 , 231.379 , 230.645 , 229.77 , 228.793 , 227.657 , 226.434 , 225.106 , 223.654 , 222.206 , 220.712 , 219.207 , 217.656 , 216.04 , 214.412 , 212.815 , 211.244 , 209.687 , 208.155 , 206.648 , 205.163 , 203.702 , 202.265 , 200.871 , 199.489 , 199.489 , 
25.5 , 25.4762 , 25.4753 , 25.4745 , 25.474 , 25.4741 , 25.4758 , 25.4795 , 25.485 , 25.4914 , 25.4985 , 25.5063 , 25.5159 , 25.5297 , 25.5469 , 25.5672 , 25.5894 , 25.6175 , 25.6767 , 25.7567 , 25.8479 , 25.9742 , 26.145 , 26.3763 , 26.6478 , 26.9282 , 27.0977 , 27.5212 , 28.0229 , 28.5984 , 29.2597 , 30.0804 , 31.1727 , 32.1587 , 33.413 , 34.7622 , 35.9355 , 37.0693 , 38.4114 , 39.7792 , 41.2071 , 43.2964 , 45.917 , 46.9261 , 48.9156 , 50.6885 , 52.2865 , 54.1119 , 56.4418 , 59.1624 , 63.2703 , 66.1805 , 66.5367 , 66.5461 , 66.5104 , 66.45 , 66.7272 , 70.1778 , 70.815 , 74.353 , 74.8169 , 77.8286 , 80.683 , 83.7248 , 87.1306 , 90.907 , 94.7291 , 98.1624 , 101.466 , 104.283 , 106.883 , 110.417 , 113.818 , 117.346 , 121.067 , 124.837 , 128.194 , 131.295 , 134.42 , 137.631 , 140.937 , 144.254 , 147.472 , 150.655 , 153.932 , 157.288 , 160.453 , 163.199 , 165.978 , 168.989 , 172.079 , 175.162 , 178.244 , 181.401 , 184.232 , 186.585 , 188.904 , 191.233 , 193.833 , 196.526 , 199.079 , 201.672 , 204.48 , 207.239 , 210.041 , 212.745 , 215.291 , 217.735 , 220.153 , 222.674 , 224.924 , 227.039 , 228.352 , 229.199 , 229.931 , 230.334 , 230.615 , 231.232 , 232.102 , 232.48 , 232.193 , 231.449 , 230.737 , 229.869 , 228.91 , 227.79 , 226.57 , 225.268 , 223.812 , 222.373 , 220.88 , 219.377 , 217.836 , 216.224 , 214.594 , 212.994 , 211.422 , 209.862 , 208.328 , 206.819 , 205.332 , 203.868 , 202.428 , 201.027 , 199.653 , 199.653 , 
25.5 , 25.4762 , 25.4754 , 25.4746 , 25.474 , 25.4741 , 25.4755 , 25.479 , 25.4842 , 25.4905 , 25.4975 , 25.5052 , 25.5144 , 25.5277 , 25.5444 , 25.5644 , 25.5863 , 25.6127 , 25.6674 , 25.7457 , 25.8343 , 25.9555 , 26.1195 , 26.3431 , 26.6102 , 26.8951 , 27.0705 , 27.4557 , 27.9535 , 28.5182 , 29.1664 , 29.9585 , 31.0271 , 32.0232 , 33.2367 , 34.5883 , 35.7876 , 36.9121 , 38.2294 , 39.5986 , 41.0083 , 42.8984 , 45.8061 , 46.7894 , 48.5879 , 50.4658 , 52.0806 , 53.8304 , 56.1605 , 58.7189 , 62.7045 , 66.1148 , 66.4968 , 66.5419 , 66.5169 , 66.4581 , 66.6037 , 70.1173 , 70.5385 , 74.2841 , 74.6671 , 77.4665 , 80.3016 , 83.3187 , 86.68 , 90.4165 , 94.2772 , 97.7296 , 101.073 , 103.964 , 106.494 , 109.992 , 113.398 , 116.897 , 120.597 , 124.396 , 127.797 , 130.914 , 134.036 , 137.236 , 140.534 , 143.858 , 147.089 , 150.264 , 153.545 , 156.889 , 160.103 , 162.873 , 165.634 , 168.63 , 171.714 , 174.803 , 177.874 , 181.041 , 183.937 , 186.304 , 188.65 , 190.948 , 193.524 , 196.225 , 198.79 , 201.356 , 204.167 , 206.92 , 209.726 , 212.448 , 215.007 , 217.464 , 219.873 , 222.418 , 224.66 , 226.846 , 228.234 , 229.101 , 229.866 , 230.302 , 230.571 , 231.136 , 232.03 , 232.465 , 232.261 , 231.521 , 230.826 , 229.968 , 229.025 , 227.921 , 226.706 , 225.425 , 223.971 , 222.538 , 221.048 , 219.547 , 218.014 , 216.407 , 214.777 , 213.174 , 211.6 , 210.038 , 208.501 , 206.99 , 205.5 , 204.034 , 202.592 , 201.184 , 199.815 , 199.815 , 
25.5 , 25.4763 , 25.4755 , 25.4747 , 25.4741 , 25.474 , 25.4752 , 25.4784 , 25.4834 , 25.4897 , 25.4966 , 25.5042 , 25.5131 , 25.5257 , 25.5421 , 25.5616 , 25.5833 , 25.6085 , 25.6584 , 25.7349 , 25.8213 , 25.9375 , 26.0952 , 26.3106 , 26.5731 , 26.8596 , 27.0474 , 27.3919 , 27.8855 , 28.4395 , 29.0753 , 29.8422 , 30.8791 , 31.8923 , 33.0628 , 34.4115 , 35.638 , 36.7588 , 38.048 , 39.4185 , 40.815 , 42.5664 , 45.6233 , 46.6542 , 48.2688 , 50.2457 , 51.8748 , 53.5667 , 55.8703 , 58.3073 , 62.1506 , 65.9351 , 66.4389 , 66.538 , 66.5233 , 66.4663 , 66.5278 , 69.862 , 70.3424 , 74.0545 , 74.5353 , 77.0716 , 79.9204 , 82.9198 , 86.2361 , 89.9301 , 93.8134 , 97.2972 , 100.671 , 103.632 , 106.133 , 109.559 , 112.976 , 116.45 , 120.131 , 123.946 , 127.396 , 130.535 , 133.653 , 136.842 , 140.132 , 143.46 , 146.704 , 149.876 , 153.155 , 156.486 , 159.743 , 162.548 , 165.296 , 168.272 , 171.349 , 174.443 , 177.507 , 180.678 , 183.63 , 186.025 , 188.392 , 190.666 , 193.218 , 195.92 , 198.499 , 201.046 , 203.85 , 206.602 , 209.409 , 212.147 , 214.722 , 217.191 , 219.596 , 222.153 , 224.398 , 226.64 , 228.108 , 229.004 , 229.796 , 230.265 , 230.531 , 231.048 , 231.951 , 232.442 , 232.318 , 231.597 , 230.913 , 230.066 , 229.138 , 228.05 , 226.842 , 225.58 , 224.132 , 222.702 , 221.216 , 219.717 , 218.19 , 216.59 , 214.96 , 213.354 , 211.778 , 210.215 , 208.675 , 207.161 , 205.669 , 204.2 , 202.756 , 201.342 , 199.976 , 199.976 , 
25.5 , 25.4763 , 25.4756 , 25.4748 , 25.4742 , 25.474 , 25.475 , 25.4779 , 25.4827 , 25.4888 , 25.4956 , 25.5031 , 25.5118 , 25.5238 , 25.5398 , 25.5588 , 25.5803 , 25.6046 , 25.6501 , 25.7241 , 25.8089 , 25.9202 , 26.0718 , 26.279 , 26.5366 , 26.8224 , 27.0264 , 27.3311 , 27.8186 , 28.3621 , 28.9863 , 29.7308 , 30.7312 , 31.7638 , 32.8924 , 34.233 , 35.4861 , 36.6085 , 37.8683 , 39.2388 , 40.6259 , 42.2819 , 45.3532 , 46.5177 , 47.9742 , 50.0249 , 51.6686 , 53.3196 , 55.572 , 57.9284 , 61.6087 , 65.6392 , 66.3724 , 66.5352 , 66.5293 , 66.4744 , 66.483 , 69.4416 , 70.2035 , 73.6739 , 74.4268 , 76.6572 , 79.5434 , 82.5279 , 85.7988 , 89.4481 , 93.3385 , 96.8655 , 100.262 , 103.289 , 105.797 , 109.12 , 112.552 , 116.006 , 119.668 , 123.488 , 126.989 , 130.157 , 133.272 , 136.45 , 139.73 , 143.06 , 146.318 , 149.491 , 152.764 , 156.081 , 159.373 , 162.222 , 164.963 , 167.914 , 170.984 , 174.081 , 177.142 , 180.311 , 183.312 , 185.75 , 188.129 , 190.389 , 192.914 , 195.612 , 198.207 , 200.743 , 203.532 , 206.285 , 209.092 , 211.844 , 214.436 , 216.917 , 219.321 , 221.877 , 224.141 , 226.42 , 227.973 , 228.909 , 229.722 , 230.225 , 230.496 , 230.969 , 231.863 , 232.411 , 232.365 , 231.676 , 230.997 , 230.163 , 229.248 , 228.178 , 226.978 , 225.73 , 224.293 , 222.865 , 221.383 , 219.886 , 218.366 , 216.773 , 215.143 , 213.534 , 211.956 , 210.391 , 208.849 , 207.333 , 205.838 , 204.367 , 202.92 , 201.501 , 200.135 , 200.135 , 
